{"cameraMode":{"drawMode":0,"name":"Shaded","section":"Shading Mode"},"sceneLighting":true,"audioPlay":false,"sceneViewState":{"showFog":true,"showMaterialUpdate":false,"showSkybox":true,"showFlares":true,"showImageEffects":true,"showParticleSystems":true},"in2DMode":false,"pivot":{"x":2.3970983028411867,"y":5.927494049072266,"z":1.2151269912719727},"rotation":{"x":0.27463778853416445,"y":0.034606415778398517,"z":-0.009891233406960965,"w":0.9608739018440247},"size":9.02093505859375,"orthographic":false}