{"cameraMode":{"drawMode":0,"name":"Shaded","section":"Shading Mode"},"sceneLighting":true,"audioPlay":false,"sceneViewState":{"showFog":true,"showMaterialUpdate":false,"showSkybox":true,"showFlares":true,"showImageEffects":true,"showParticleSystems":true},"in2DMode":false,"pivot":{"x":0.7035996913909912,"y":13.389938354492188,"z":6.541289329528809},"rotation":{"x":0.10271251201629639,"y":0.008952276781201363,"z":-0.0009244346874766052,"w":0.994670033454895},"size":38.126590728759769,"orthographic":true}