{"cameraMode":{"drawMode":0,"name":"Shaded","section":"Shading Mode"},"sceneLighting":true,"audioPlay":false,"sceneViewState":{"showFog":true,"showMaterialUpdate":false,"showSkybox":true,"showFlares":true,"showImageEffects":true,"showParticleSystems":true},"in2DMode":false,"pivot":{"x":-1.2978445291519166,"y":2.684175491333008,"z":-0.6963970065116882},"rotation":{"x":0.011936490423977375,"y":0.6902756690979004,"z":-0.011390582658350468,"w":0.7233579158782959},"size":3.319387197494507,"orthographic":false}