{"cameraMode":{"drawMode":0,"name":"Shaded","section":"Shading Mode"},"sceneLighting":false,"audioPlay":false,"sceneViewState":{"showFog":true,"showMaterialUpdate":false,"showSkybox":true,"showFlares":true,"showImageEffects":true,"showParticleSystems":true},"in2DMode":false,"pivot":{"x":-1.254868507385254,"y":1.1948542594909669,"z":-4.763189792633057},"rotation":{"x":0.1566324532032013,"y":0.7859583497047424,"z":-0.22159570455551148,"w":0.5555456280708313},"size":0.9538542628288269,"orthographic":false}