{"cameraMode":{"drawMode":0,"name":"Shaded","section":"Shading Mode"},"sceneLighting":true,"audioPlay":false,"sceneViewState":{"showFog":true,"showMaterialUpdate":false,"showSkybox":true,"showFlares":true,"showImageEffects":true,"showParticleSystems":true},"in2DMode":false,"pivot":{"x":0.5482604503631592,"y":0.7941486835479736,"z":-2.1007258892059328},"rotation":{"x":0.04405346140265465,"y":0.9265695214271545,"z":-0.11483832448720932,"w":0.35544392466545107},"size":5.088827133178711,"orthographic":false}