{"cameraMode":{"drawMode":0,"name":"Shaded","section":"Shading Mode"},"sceneLighting":false,"audioPlay":false,"sceneViewState":{"showFog":true,"showMaterialUpdate":false,"showSkybox":true,"showFlares":true,"showImageEffects":true,"showParticleSystems":true},"in2DMode":false,"pivot":{"x":-0.3788336515426636,"y":1.4951450824737549,"z":-3.9947361946105959},"rotation":{"x":-0.05321023240685463,"y":0.9422701001167297,"z":-0.2763790190219879,"w":-0.1814122051000595},"size":0.9538542628288269,"orthographic":false}